{
  "read-large-file": {
    "medianMs": 3.038645500000001,
    "p95Ms": 4.170625000000001
  },
  "read-ranged": {
    "medianMs": 4.7087709999999845,
    "p95Ms": 5.225832999999994
  },
  "search-large-file": {
    "medianMs": 11.482874999999979,
    "p95Ms": 12.87179100000003
  },
  "search-many-matches": {
    "medianMs": 1.897250500000041,
    "p95Ms": 2.2246249999999463
  },
  "edit-single-line": {
    "medianMs": 14.907291500000042,
    "p95Ms": 17.39779199999998
  },
  "edit-multi-line": {
    "medianMs": 14.889728999999988,
    "p95Ms": 16.167417000000114
  },
  "hash-bytes": {
    "medianMs": 0.0035830000001624285,
    "p95Ms": 0.0037079999999605207
  },
  "hash-to-letters": {
    "medianMs": 0.026082999999971435,
    "p95Ms": 0.03191599999991013
  },
  "semantic-diff": {
    "medianMs": 16.86443799999995,
    "p95Ms": 18.33875000000012
  }
}
